{"text": " Hello, my name is Alex. What's your name?", "segments": [{"id": 0, "seek": 0, "start": 0.0, "end": 4.8, "text": " Hello, my name is Alex. What's your name?", "tokens": [50364, 2425, 11, 452, 1315, 307, 5202, 13, 708, 311, 428, 1315, 30, 50604], "temperature": 0.0, "avg_logprob": -0.5606223424275716, "compression_ratio": 0.8913043478260869, "no_speech_prob": 0.06480397284030914}], "language": "ru"}